{
  "customerId": "b344736c6a6f378620d74fdfeb845f50",
  "flowStatus": "enabled",
  "currentVersion": 17,
  "publishedVersion": 17,
  "name": "1a - 201 HTML Conversion Completed",
  "description": "",
  "createdDate": 1658344430796,
  "updatedDate": 1658344434958,
  "authTokenExpireIds": [],
  "deployedDate": 1658344434956,
  "functionConnectionId": null,
  "isOutputSchemaSaved": false,
  "outputSchemaCompiled": null,
  "settings": {
    "csp": "worker-src 'self' blob:; script-src 'self' https://cdn.jsdelivr.net https://code.jquery.com https://devsdk.singularkey.com http://cdnjs.cloudflare.com 'unsafe-inline' 'unsafe-eval';",
    "intermediateLoadingScreenCSS": "",
    "intermediateLoadingScreenHTML": "",
    "useBetaAlgorithm": true,
    "cssLinks": [
      "https://pingone-davinci-201.glitch.me/201-flow-style.css"
    ],
    "useCustomCSS": true
  },
  "timeouts": null,
  "flowId": "de0ec9aefb4a6a2a297ab14e9e033739",
  "companyId": "20814b75-1dd6-4c91-8962-445cf5ec7fa0",
  "versionId": 17,
  "graphData": {
    "elements": {
      "nodes": [
        {
          "data": {
            "id": "np5ejzvouv",
            "nodeType": "CONNECTION",
            "connectionId": "867ed4363b2bc21c860085ad2baa817d",
            "connectorId": "httpConnector",
            "name": "Http",
            "label": "101 HTTP",
            "status": "configured",
            "capabilityName": "customHTMLTemplate",
            "type": "trigger",
            "properties": {
              "title": {
                "value": "Beginner's Luck Online Casino & Gaming"
              },
              "nextButtonText": {
                "value": "Next"
              },
              "bodyHeaderText": {
                "value": "Welcome to Beginner's Luck! Tell us a little about yourself and we'll create your new online gaming account!"
              },
              "formFieldsList": {
                "value": [
                  {
                    "propertyName": "fname",
                    "preferredControlType": "textField",
                    "preferredDataType": "string",
                    "value": "",
                    "hashedVisibility": false,
                    "displayName": "First Name"
                  },
                  {
                    "propertyName": "sn",
                    "preferredControlType": "textField",
                    "preferredDataType": "string",
                    "value": "",
                    "hashedVisibility": false,
                    "displayName": "Last Name"
                  },
                  {
                    "preferredControlType": "textField",
                    "preferredDataType": "string",
                    "propertyName": "buttonValue"
                  }
                ]
              },
              "nodeTitle": {
                "value": "Collect Name"
              },
              "nodeDescription": {
                "value": "First / Last Name"
              },
              "backgroundColor": {
                "value": "#7ed321"
              },
              "customHTML": {
                "value": "<section class=\"register\">\n    <form id=\"frmRegister\">\n        <div class=\"register-content\">\n            <div class=\"logo-wrapper\">\n                <img class=\"logo\" />\n            </div>\n            <h3>Beginner's Luck Online Gaming</h3>\n            <h1>Create an account</h1>\n            <p> Welcome to Beginner's Luck! Tell us a little about yourself and we'll create your new online gaming\n                account!</p>\n            <div class=\"formfield-wrapper\">\n                <div>\n                    <label>First name</label>\n                    <input type=\"text\" id=\"fname\" />\n                </div>\n                <div>\n                    <label>Last name</label>\n                    <input type=\"text\" id=\"sn\" />\n                </div>\n            </div>\n            <div class=\"buttonbar\">\n                <button id=\"btnRegister\" data-skcomponent=\"skbutton\" data-skbuttontype=\"form-submit\"\n                    data-skbuttonvalue=\"register\" data-skform=\"frmRegister\">\n                    <i class=\"fa fa-arrow-circle-right\" aria-hidden=\"true\"></i> Next\n                </button>\n            </div>\n\n        </div>\n    </form>\n</section>"
              }
            }
          },
          "position": {
            "x": 277,
            "y": 330
          },
          "group": "nodes",
          "removed": false,
          "selected": false,
          "selectable": true,
          "locked": false,
          "grabbable": true,
          "pannable": false,
          "classes": ""
        },
        {
          "data": {
            "id": "ul1uxhv2dn",
            "nodeType": "CONNECTION",
            "connectionId": "867ed4363b2bc21c860085ad2baa817d",
            "connectorId": "httpConnector",
            "name": "Http",
            "label": "101 HTTP",
            "status": "configured",
            "capabilityName": "customHTMLTemplate",
            "type": "trigger",
            "properties": {
              "message": {
                "value": "[\n  {\n    \"children\": [\n      {\n        \"text\": \"\"\n      },\n      {\n        \"text\": \"\"\n      },\n      {\n        \"type\": \"link\",\n        \"src\": \"url:np5ejzvouv\",\n        \"url\": \"fname\",\n        \"data\": \"{{local.np5ejzvouv.payload.output.fname}}\",\n        \"tooltip\": \"{{local.np5ejzvouv.payload.output.fname}}\",\n        \"children\": [\n          {\n            \"text\": \"{{local.np5ejzvouv.payload.output.fname}}\"\n          }\n        ]\n      },\n      {\n        \"text\": \"\"\n      },\n      {\n        \"text\": \", please review your new account details.\\n\\nFirst Name: \"\n      },\n      {\n        \"text\": \"\"\n      },\n      {\n        \"type\": \"link\",\n        \"src\": \"url:np5ejzvouv\",\n        \"url\": \"fname\",\n        \"data\": \"{{local.np5ejzvouv.payload.output.fname}}\",\n        \"tooltip\": \"{{local.np5ejzvouv.payload.output.fname}}\",\n        \"children\": [\n          {\n            \"text\": \"{{local.np5ejzvouv.payload.output.fname}}\"\n          }\n        ]\n      },\n      {\n        \"text\": \"\"\n      },\n      {\n        \"text\": \"\\nLast Name: \"\n      },\n      {\n        \"text\": \"\"\n      },\n      {\n        \"type\": \"link\",\n        \"src\": \"url:np5ejzvouv\",\n        \"url\": \"sn\",\n        \"data\": \"{{local.np5ejzvouv.payload.output.sn}}\",\n        \"tooltip\": \"{{local.np5ejzvouv.payload.output.sn}}\",\n        \"children\": [\n          {\n            \"text\": \"{{local.np5ejzvouv.payload.output.sn}}\"\n          }\n        ]\n      },\n      {\n        \"text\": \"\"\n      },\n      {\n        \"text\": \"\\nAge: \"\n      },\n      {\n        \"text\": \"\"\n      },\n      {\n        \"type\": \"link\",\n        \"src\": \"url:rknqvblm5a\",\n        \"url\": \"age\",\n        \"data\": \"{{local.rknqvblm5a.payload.output.age}}\",\n        \"tooltip\": \"{{local.rknqvblm5a.payload.output.age}}\",\n        \"children\": [\n          {\n            \"text\": \"{{local.rknqvblm5a.payload.output.age}}\"\n          }\n        ]\n      },\n      {\n        \"text\": \"\"\n      }\n    ]\n  },\n  {\n    \"children\": [\n      {\n        \"text\": \"Email: \"\n      },\n      {\n        \"text\": \"\"\n      },\n      {\n        \"type\": \"link\",\n        \"src\": \"http.svg\",\n        \"url\": \"email\",\n        \"data\": \"{{local.jwj5o6yq9y.payload.output.email}}\",\n        \"tooltip\": \"{{local.jwj5o6yq9y.payload.output.email}}\",\n        \"children\": [\n          {\n            \"text\": \"email\"\n          }\n        ]\n      },\n      {\n        \"text\": \"\"\n      }\n    ]\n  },\n  {\n    \"children\": [\n      {\n        \"text\": \"Password: \"\n      },\n      {\n        \"text\": \"\"\n      },\n      {\n        \"type\": \"link\",\n        \"src\": \"http.svg\",\n        \"url\": \"password\",\n        \"data\": \"{{local.jwj5o6yq9y.payload.output.password}}\",\n        \"tooltip\": \"{{local.jwj5o6yq9y.payload.output.password}}\",\n        \"children\": [\n          {\n            \"text\": \"password\"\n          }\n        ]\n      },\n      {\n        \"text\": \"\"\n      },\n      {\n        \"text\": \"\"\n      }\n    ]\n  }\n]"
              },
              "nodeTitle": {
                "value": "Review Account Info"
              },
              "nodeDescription": {
                "value": "Display collected values"
              },
              "backgroundColor": {
                "value": "#9b9b9b"
              },
              "button": {},
              "showContinueButton": {
                "value": true
              },
              "messageTitle": {
                "value": "[\n  {\n    \"children\": [\n      {\n        \"text\": \"\"\n      },\n      {\n        \"text\": \"\"\n      },\n      {\n        \"text\": \"Verify New Account Details\"\n      }\n    ]\n  }\n]"
              },
              "customHTML": {
                "value": "<section class=\"register\">\n    <div class=\"register-content\">\n        <div class=\"logo-wrapper\">\n            <img class=\"logo\" />\n        </div>\n        <h3>Beginner's Luck Online Gaming</h3>\n        <h1>Verify Account Details</h1>\n        <div class=\"formfield-wrapper\">\n            <div>\n                <label>First name</label>\n                <input type=\"text\" id=\"fname\" readonly />\n            </div>\n            <div>\n                <label>Last name</label>\n                <input type=\"text\" id=\"sn\" readonly />\n            </div>\n        </div>\n        <label>Email</label>\n        <input type=\"text\" id=\"email\" readonly />\n        <label>Password</label>\n        <input type=\"password\" id=\"password\" readonly /><i class=\"fa fa-eye togglepwd\" id=\"togglepwd\"\n            aria-hidden=\"true\"></i>\n        <div class=\"buttonbar\">\n            <button id=\"btnRegister\" data-skcomponent=\"skbutton\" data-skbuttontype=\"next-event\"\n                data-skbuttonvalue=\"register\">\n                <i class=\"fa fa-check-circle-o\" aria-hidden=\"true\"></i> Confirm\n            </button>\n        </div>\n    </div>\n</section>"
              },
              "formFieldsList": {
                "value": [
                  {
                    "preferredControlType": "textField",
                    "preferredDataType": "string",
                    "propertyName": "buttonValue"
                  },
                  {
                    "propertyName": "fname",
                    "preferredControlType": "textField",
                    "preferredDataType": "string",
                    "value": "[\n  {\n    \"children\": [\n      {\n        \"text\": \"\"\n      },\n      {\n        \"text\": \"\"\n      },\n      {\n        \"type\": \"link\",\n        \"src\": \"http.svg\",\n        \"url\": \"fname\",\n        \"data\": \"{{local.np5ejzvouv.payload.output.fname}}\",\n        \"tooltip\": \"{{local.np5ejzvouv.payload.output.fname}}\",\n        \"children\": [\n          {\n            \"text\": \"fname\"\n          }\n        ]\n      },\n      {\n        \"text\": \"\"\n      }\n    ]\n  }\n]",
                    "hashedVisibility": false
                  },
                  {
                    "propertyName": "sn",
                    "preferredControlType": "textField",
                    "preferredDataType": "string",
                    "value": "[\n  {\n    \"children\": [\n      {\n        \"text\": \"\"\n      },\n      {\n        \"text\": \"\"\n      },\n      {\n        \"type\": \"link\",\n        \"src\": \"http.svg\",\n        \"url\": \"sn\",\n        \"data\": \"{{local.np5ejzvouv.payload.output.sn}}\",\n        \"tooltip\": \"{{local.np5ejzvouv.payload.output.sn}}\",\n        \"children\": [\n          {\n            \"text\": \"sn\"\n          }\n        ]\n      },\n      {\n        \"text\": \"\"\n      }\n    ]\n  }\n]",
                    "hashedVisibility": false
                  },
                  {
                    "propertyName": "email",
                    "preferredControlType": "textField",
                    "preferredDataType": "string",
                    "value": "[\n  {\n    \"children\": [\n      {\n        \"text\": \"\"\n      },\n      {\n        \"text\": \"\"\n      },\n      {\n        \"type\": \"link\",\n        \"src\": \"http.svg\",\n        \"url\": \"email\",\n        \"data\": \"{{local.jwj5o6yq9y.payload.output.email}}\",\n        \"tooltip\": \"{{local.jwj5o6yq9y.payload.output.email}}\",\n        \"children\": [\n          {\n            \"text\": \"email\"\n          }\n        ]\n      },\n      {\n        \"text\": \"\"\n      }\n    ]\n  }\n]",
                    "hashedVisibility": false
                  },
                  {
                    "propertyName": "password",
                    "preferredControlType": "textField",
                    "preferredDataType": "string",
                    "value": "[\n  {\n    \"children\": [\n      {\n        \"text\": \"\"\n      },\n      {\n        \"text\": \"\"\n      },\n      {\n        \"type\": \"link\",\n        \"src\": \"http.svg\",\n        \"url\": \"password\",\n        \"data\": \"{{local.jwj5o6yq9y.payload.output.password}}\",\n        \"tooltip\": \"{{local.jwj5o6yq9y.payload.output.password}}\",\n        \"children\": [\n          {\n            \"text\": \"password\"\n          }\n        ]\n      },\n      {\n        \"text\": \"\"\n      }\n    ]\n  }\n]",
                    "hashedVisibility": false
                  }
                ]
              }
            }
          },
          "position": {
            "x": 1410,
            "y": 334
          },
          "group": "nodes",
          "removed": false,
          "selected": false,
          "selectable": true,
          "locked": false,
          "grabbable": true,
          "pannable": false,
          "classes": ""
        },
        {
          "data": {
            "id": "fmqtvonufs",
            "nodeType": "EVAL",
            "label": "Evaluator"
          },
          "position": {
            "x": 417,
            "y": 330.5
          },
          "group": "nodes",
          "removed": false,
          "selected": false,
          "selectable": true,
          "locked": false,
          "grabbable": true,
          "pannable": false,
          "classes": ""
        },
        {
          "data": {
            "id": "rknqvblm5a",
            "nodeType": "CONNECTION",
            "connectionId": "867ed4363b2bc21c860085ad2baa817d",
            "connectorId": "httpConnector",
            "name": "Http",
            "label": "httpConnector",
            "status": "configured",
            "capabilityName": "customHTMLTemplate",
            "type": "trigger",
            "properties": {
              "backgroundColor": {
                "value": "#7ed321"
              },
              "nodeTitle": {
                "value": "Collect Age"
              },
              "nodeDescription": {
                "value": "Ask for Age"
              },
              "bodyHeaderText": {
                "value": "To ensure you're of legal age to wager online, please enter your age"
              },
              "title": {
                "value": "Verify Age"
              },
              "formFieldsList": {
                "value": [
                  {
                    "propertyName": "age",
                    "preferredControlType": "textField",
                    "preferredDataType": "number",
                    "value": "",
                    "hashedVisibility": false,
                    "displayName": "Age"
                  },
                  {
                    "preferredControlType": "textField",
                    "preferredDataType": "string",
                    "propertyName": "buttonValue"
                  }
                ]
              },
              "customHTML": {
                "value": "[\n  {\n    \"children\": [\n      {\n        \"text\": \"<section class=\\\"register\\\">\\n    <form id=\\\"frmRegister\\\">\\n        <div class=\\\"register-content\\\">\\n            <div class=\\\"logo-wrapper\\\">\\n                <img class=\\\"logo\\\" />\\n            </div>\\n            <h3>Beginner's Luck Online Gaming</h3>\\n            <h1>Verify Age</h1>\\n            <p>Hi \"\n      },\n      {\n        \"text\": \"\"\n      },\n      {\n        \"type\": \"link\",\n        \"src\": \"http.svg\",\n        \"url\": \"fname\",\n        \"data\": \"{{local.np5ejzvouv.payload.output.fname}}\",\n        \"tooltip\": \"{{local.np5ejzvouv.payload.output.fname}}\",\n        \"children\": [\n          {\n            \"text\": \"fname\"\n          }\n        ]\n      },\n      {\n        \"text\": \"\"\n      },\n      {\n        \"text\": \"!\\n            <p>To ensure you're of legal age to wager online, please enter your age</p>\\n            <label>Age</label>\\n            <input type=\\\"text\\\" id=\\\"age\\\" />\\n            <div class=\\\"buttonbar\\\">\\n                <button id=\\\"btnRegister\\\" data-skcomponent=\\\"skbutton\\\" data-skbuttontype=\\\"form-submit\\\"\\n                    data-skbuttonvalue=\\\"register\\\" data-skform=\\\"frmRegister\\\">\\n                    <i class=\\\"fa fa-arrow-circle-right\\\" aria-hidden=\\\"true\\\"></i> Next\\n                </button>\\n            </div>\\n        </div>\\n    </form>\\n</section>\"\n      }\n    ]\n  }\n]"
              }
            }
          },
          "position": {
            "x": 570,
            "y": 334
          },
          "group": "nodes",
          "removed": false,
          "selected": false,
          "selectable": true,
          "locked": false,
          "grabbable": true,
          "pannable": false,
          "classes": ""
        },
        {
          "data": {
            "id": "w2iem13ldl",
            "nodeType": "EVAL",
            "label": "Evaluator"
          },
          "position": {
            "x": 697.5,
            "y": 334
          },
          "group": "nodes",
          "removed": false,
          "selected": false,
          "selectable": true,
          "locked": false,
          "grabbable": true,
          "pannable": false,
          "classes": ""
        },
        {
          "data": {
            "id": "0cuanbh3kr",
            "nodeType": "CONNECTION",
            "connectionId": "de650ca45593b82c49064ead10b9fe17",
            "connectorId": "functionsConnector",
            "name": "Functions",
            "label": "functionsConnector",
            "status": "configured",
            "capabilityName": "AGreaterThanEqualToB",
            "type": "trigger",
            "properties": {
              "leftValueA": {
                "value": "[\n  {\n    \"children\": [\n      {\n        \"text\": \"\"\n      },\n      {\n        \"text\": \"\"\n      },\n      {\n        \"type\": \"link\",\n        \"src\": \"http.svg\",\n        \"url\": \"age\",\n        \"data\": \"{{local.rknqvblm5a.payload.output.age}}\",\n        \"tooltip\": \"{{local.rknqvblm5a.payload.output.age}}\",\n        \"children\": [\n          {\n            \"text\": \"age\"\n          }\n        ]\n      },\n      {\n        \"text\": \"\"\n      }\n    ]\n  }\n]"
              },
              "rightValueB": {
                "value": "[\n  {\n    \"children\": [\n      {\n        \"text\": \"21\"\n      }\n    ]\n  }\n]"
              },
              "type": {
                "value": "number"
              },
              "nodeTitle": {
                "value": "Age Verification"
              },
              "nodeDescription": {
                "value": "Age >= 21"
              }
            }
          },
          "position": {
            "x": 840,
            "y": 334
          },
          "group": "nodes",
          "removed": false,
          "selected": false,
          "selectable": true,
          "locked": false,
          "grabbable": true,
          "pannable": false,
          "classes": ""
        },
        {
          "data": {
            "id": "jkakm3avyo",
            "nodeType": "EVAL",
            "properties": {
              "vrgcmuqig5": {
                "value": "anyTriggersFalse"
              },
              "og0ahit5mb": {
                "value": "anyTriggersFalse"
              }
            }
          },
          "position": {
            "x": 975,
            "y": 334
          },
          "group": "nodes",
          "removed": false,
          "selected": false,
          "selectable": true,
          "locked": false,
          "grabbable": true,
          "pannable": false,
          "classes": ""
        },
        {
          "data": {
            "id": "vrgcmuqig5",
            "nodeType": "CONNECTION",
            "connectionId": "867ed4363b2bc21c860085ad2baa817d",
            "connectorId": "httpConnector",
            "name": "Http",
            "label": "httpConnector",
            "status": "configured",
            "capabilityName": "customHTMLTemplate",
            "type": "trigger",
            "properties": {
              "message": {
                "value": "[\n  {\n    \"children\": [\n      {\n        \"text\": \"While we'd love to take your money today, come back in \"\n      },\n      {\n        \"text\": \"\"\n      },\n      {\n        \"type\": \"link\",\n        \"src\": \"functions.svg\",\n        \"url\": \"agedelta\",\n        \"data\": \"{{local.og0ahit5mb.payload.output.agedelta}}\",\n        \"tooltip\": \"{{local.og0ahit5mb.payload.output.agedelta}}\",\n        \"children\": [\n          {\n            \"text\": \"agedelta\"\n          }\n        ]\n      },\n      {\n        \"text\": \"\"\n      },\n      {\n        \"text\": \"  years when it's legal for you to play.\"\n      }\n    ]\n  }\n]"
              },
              "messageTitle": {
                "value": "[\n  {\n    \"children\": [\n      {\n        \"text\": \"Sorry, eh!\"\n      }\n    ]\n  }\n]"
              },
              "nodeTitle": {
                "value": "Not Legal Age"
              },
              "backgroundColor": {
                "value": "#d0021b"
              },
              "nodeDescription": {
                "value": "Less than 21"
              },
              "customHTML": {
                "value": "[\n  {\n    \"children\": [\n      {\n        \"text\": \"<section class=\\\"register\\\">\\n    <div class=\\\"register-content\\\">\\n        <div class=\\\"logo-wrapper\\\">\\n            <img class=\\\"logo\\\" />\\n        </div>\\n        <h3>Beginner's Luck Online Gaming</h3>\\n        <h1>Unable to Create Account</h1>\\n        <div class=\\\"underage-wrapper\\\">\\n            <img src=\\\"[IMAGE_URL]\\\" alt=\\\"under age\\\" />\\n        </div>\\n        <p>Sorry \"\n      },\n      {\n        \"text\": \"\"\n      },\n      {\n        \"type\": \"link\",\n        \"src\": \"http.svg\",\n        \"url\": \"fname\",\n        \"data\": \"{{local.np5ejzvouv.payload.output.fname}}\",\n        \"tooltip\": \"{{local.np5ejzvouv.payload.output.fname}}\",\n        \"children\": [\n          {\n            \"text\": \"fname\"\n          }\n        ]\n      },\n      {\n        \"text\": \"\"\n      },\n      {\n        \"text\": \" :(</p>\\n        <p>While we'd love to take your money today, come back in <strong>\"\n      },\n      {\n        \"text\": \"\"\n      },\n      {\n        \"type\": \"link\",\n        \"src\": \"functions.svg\",\n        \"url\": \"agedelta\",\n        \"data\": \"{{local.og0ahit5mb.payload.output.agedelta}}\",\n        \"tooltip\": \"{{local.og0ahit5mb.payload.output.agedelta}}\",\n        \"children\": [\n          {\n            \"text\": \"agedelta\"\n          }\n        ]\n      },\n      {\n        \"text\": \"\"\n      },\n      {\n        \"text\": \"</strong> years when it's legal for\\n            you to play.</p>\\n    </div>\\n</section>\"\n      }\n    ]\n  }\n]"
              }
            }
          },
          "position": {
            "x": 1410,
            "y": 574
          },
          "group": "nodes",
          "removed": false,
          "selected": false,
          "selectable": true,
          "locked": false,
          "grabbable": true,
          "pannable": false,
          "classes": ""
        },
        {
          "data": {
            "id": "og0ahit5mb",
            "nodeType": "CONNECTION",
            "connectionId": "de650ca45593b82c49064ead10b9fe17",
            "connectorId": "functionsConnector",
            "name": "Functions",
            "label": "functionsConnector",
            "status": "configured",
            "capabilityName": "customFunction",
            "type": "trigger",
            "properties": {
              "variableInputList": {
                "value": [
                  {
                    "name": "age",
                    "preferredDataType": "number",
                    "value": "[\n  {\n    \"children\": [\n      {\n        \"text\": \"\"\n      },\n      {\n        \"text\": \"\"\n      },\n      {\n        \"type\": \"link\",\n        \"src\": \"http.svg\",\n        \"url\": \"age\",\n        \"data\": \"{{local.rknqvblm5a.payload.output.age}}\",\n        \"tooltip\": \"{{local.rknqvblm5a.payload.output.age}}\",\n        \"children\": [\n          {\n            \"text\": \"age\"\n          }\n        ]\n      },\n      {\n        \"text\": \"\"\n      }\n    ]\n  }\n]"
                  }
                ]
              },
              "code": {
                "value": "module.exports = a = async ({params}) => {\n\tlet agedelta = 21 - params.age\n\treturn {'agedelta': agedelta}\n}"
              },
              "outputSchema": {
                "value": "{\n\t\"output\": {\n\t\t\"type\": \"object\",\n\t\t\"properties\": {\n\t\t\t\"agedelta\": {\n\t\t\t\t\"type\": \"number\"\n\t\t\t}\n\t\t}\n\t}\n}"
              },
              "nodeTitle": {
                "value": "Calculate years"
              },
              "nodeDescription": {
                "value": "Years until 21"
              }
            }
          },
          "position": {
            "x": 1140,
            "y": 574
          },
          "group": "nodes",
          "removed": false,
          "selected": false,
          "selectable": true,
          "locked": false,
          "grabbable": true,
          "pannable": false,
          "classes": ""
        },
        {
          "data": {
            "id": "rxalsutsiu",
            "nodeType": "EVAL"
          },
          "position": {
            "x": 1208.5,
            "y": 574.5
          },
          "group": "nodes",
          "removed": false,
          "selected": false,
          "selectable": true,
          "locked": false,
          "grabbable": true,
          "pannable": false,
          "classes": ""
        },
        {
          "data": {
            "id": "jwj5o6yq9y",
            "nodeType": "CONNECTION",
            "connectionId": "867ed4363b2bc21c860085ad2baa817d",
            "connectorId": "httpConnector",
            "name": "Http",
            "label": "httpConnector",
            "status": "configured",
            "capabilityName": "customHTMLTemplate",
            "type": "trigger",
            "properties": {
              "title": {
                "value": "Email & Password"
              },
              "bodyHeaderText": {
                "value": "Almost done! Enter your email address and set a password"
              },
              "formFieldsList": {
                "value": [
                  {
                    "propertyName": "email",
                    "preferredControlType": "textField",
                    "preferredDataType": "string",
                    "value": "",
                    "hashedVisibility": false,
                    "displayName": "Email"
                  },
                  {
                    "propertyName": "password",
                    "preferredControlType": "textField",
                    "preferredDataType": "string",
                    "value": "",
                    "hashedVisibility": true,
                    "displayName": "Password"
                  },
                  {
                    "preferredControlType": "textField",
                    "preferredDataType": "string",
                    "propertyName": "buttonValue"
                  }
                ]
              },
              "nodeTitle": {
                "value": "Collect Email"
              },
              "nodeDescription": {
                "value": "Email & Password"
              },
              "backgroundColor": {
                "value": "#7ed321"
              },
              "customHTML": {
                "value": "<section class=\"register\">\n    <form id=\"frmRegister\">\n        <div class=\"register-content\">\n            <div class=\"logo-wrapper\">\n                <img class=\"logo\" />\n            </div>\n            <h3>Beginner's Luck Online Gaming</h3>\n            <h1>Email and Password</h1>\n            <p>Almost done! Enter your email address and set a password</p>\n            <label>Email</label>\n            <input type=\"text\" id=\"email\" />\n            <label>Password</label>\n            <input type=\"password\" id=\"password\" /><i class=\"fa fa-eye togglepwd\" id=\"togglepwd\" aria-hidden=\"true\"></i>\n            <div class=\"buttonbar\">\n                <button id=\"btnRegister\" data-skcomponent=\"skbutton\" data-skbuttontype=\"form-submit\"\n                    data-skbuttonvalue=\"register\" data-skform=\"frmRegister\">\n                    <i class=\"fa fa-arrow-circle-right\" aria-hidden=\"true\"></i> Next\n                </button>\n            </div>\n        </div>\n    </form>\n</section>"
              }
            }
          },
          "position": {
            "x": 1143,
            "y": 334
          },
          "group": "nodes",
          "removed": false,
          "selected": false,
          "selectable": true,
          "locked": false,
          "grabbable": true,
          "pannable": false,
          "classes": ""
        },
        {
          "data": {
            "id": "6qlg4r0j30",
            "nodeType": "EVAL"
          },
          "position": {
            "x": 1276.5,
            "y": 334
          },
          "group": "nodes",
          "removed": false,
          "selected": false,
          "selectable": true,
          "locked": false,
          "grabbable": true,
          "pannable": false,
          "classes": ""
        },
        {
          "data": {
            "id": "lx1x34h8o3",
            "nodeType": "EVAL",
            "label": "Evaluator"
          },
          "position": {
            "x": 1539,
            "y": 333.5
          },
          "group": "nodes",
          "removed": false,
          "selected": false,
          "selectable": true,
          "locked": false,
          "grabbable": true,
          "pannable": false,
          "classes": ""
        },
        {
          "data": {
            "id": "sj0e2ggbhv",
            "nodeType": "CONNECTION",
            "connectionId": "867ed4363b2bc21c860085ad2baa817d",
            "connectorId": "httpConnector",
            "name": "Http",
            "label": "httpConnector",
            "status": "configured",
            "capabilityName": "makeRestApiCall",
            "type": "trigger",
            "properties": {
              "url": {
                "value": "[\n  {\n    \"children\": [\n      {\n        \"text\": \"https://deckofcardsapi.com/api/deck/new/draw/\"\n      }\n    ]\n  }\n]"
              },
              "queryParams": {
                "value": [
                  {
                    "key": "count",
                    "value": "[\n  {\n    \"children\": [\n      {\n        \"text\": \"1\"\n      }\n    ]\n  }\n]"
                  }
                ]
              },
              "nodeTitle": {
                "value": "Deck of Cards"
              },
              "nodeDescription": {
                "value": "API Call"
              },
              "outputSchema": {
                "value": "{\n\t\"definitions\": {},\n\t\"$schema\": \"http://json-schema.org/draft-07/schema#\", \n\t\"$id\": \"https://example.com/object1641822797.json\", \n\t\"title\": \"Root\", \n\t\"type\": \"object\",\n\t\"required\": [\n\t\t\"success\",\n\t\t\"deck_id\",\n\t\t\"cards\",\n\t\t\"remaining\"\n\t],\n\t\"properties\": {\n\t\t\"success\": {\n\t\t\t\"$id\": \"#root/success\", \n\t\t\t\"title\": \"Success\", \n\t\t\t\"type\": \"boolean\",\n\t\t\t\"examples\": [\n\t\t\t\ttrue\n\t\t\t],\n\t\t\t\"default\": true\n\t\t},\n\t\t\"deck_id\": {\n\t\t\t\"$id\": \"#root/deck_id\", \n\t\t\t\"title\": \"Deck_id\", \n\t\t\t\"type\": \"string\",\n\t\t\t\"default\": \"\",\n\t\t\t\"examples\": [\n\t\t\t\t\"oww2am0hrzmd\"\n\t\t\t],\n\t\t\t\"pattern\": \"^.*$\"\n\t\t},\n\t\t\"cards\": {\n\t\t\t\"$id\": \"#root/cards\", \n\t\t\t\"title\": \"Cards\", \n\t\t\t\"type\": \"array\",\n\t\t\t\"default\": [],\n\t\t\t\"items\":{\n\t\t\t\t\"$id\": \"#root/cards/items\", \n\t\t\t\t\"title\": \"Items\", \n\t\t\t\t\"type\": \"object\",\n\t\t\t\t\"required\": [\n\t\t\t\t\t\"code\",\n\t\t\t\t\t\"image\",\n\t\t\t\t\t\"images\",\n\t\t\t\t\t\"value\",\n\t\t\t\t\t\"suit\"\n\t\t\t\t],\n\t\t\t\t\"properties\": {\n\t\t\t\t\t\"code\": {\n\t\t\t\t\t\t\"$id\": \"#root/cards/items/code\", \n\t\t\t\t\t\t\"title\": \"Code\", \n\t\t\t\t\t\t\"type\": \"string\",\n\t\t\t\t\t\t\"default\": \"\",\n\t\t\t\t\t\t\"examples\": [\n\t\t\t\t\t\t\t\"8D\"\n\t\t\t\t\t\t],\n\t\t\t\t\t\t\"pattern\": \"^.*$\"\n\t\t\t\t\t},\n\t\t\t\t\t\"image\": {\n\t\t\t\t\t\t\"$id\": \"#root/cards/items/image\", \n\t\t\t\t\t\t\"title\": \"Image\", \n\t\t\t\t\t\t\"type\": \"string\",\n\t\t\t\t\t\t\"default\": \"\",\n\t\t\t\t\t\t\"examples\": [\n\t\t\t\t\t\t\t\"https://deckofcardsapi.com/static/img/8D.png\"\n\t\t\t\t\t\t],\n\t\t\t\t\t\t\"pattern\": \"^.*$\"\n\t\t\t\t\t},\n\t\t\t\t\t\"images\": {\n\t\t\t\t\t\t\"$id\": \"#root/cards/items/images\", \n\t\t\t\t\t\t\"title\": \"Images\", \n\t\t\t\t\t\t\"type\": \"object\",\n\t\t\t\t\t\t\"required\": [\n\t\t\t\t\t\t\t\"svg\",\n\t\t\t\t\t\t\t\"png\"\n\t\t\t\t\t\t],\n\t\t\t\t\t\t\"properties\": {\n\t\t\t\t\t\t\t\"svg\": {\n\t\t\t\t\t\t\t\t\"$id\": \"#root/cards/items/images/svg\", \n\t\t\t\t\t\t\t\t\"title\": \"Svg\", \n\t\t\t\t\t\t\t\t\"type\": \"string\",\n\t\t\t\t\t\t\t\t\"default\": \"\",\n\t\t\t\t\t\t\t\t\"examples\": [\n\t\t\t\t\t\t\t\t\t\"https://deckofcardsapi.com/static/img/8D.svg\"\n\t\t\t\t\t\t\t\t],\n\t\t\t\t\t\t\t\t\"pattern\": \"^.*$\"\n\t\t\t\t\t\t\t},\n\t\t\t\t\t\t\t\"png\": {\n\t\t\t\t\t\t\t\t\"$id\": \"#root/cards/items/images/png\", \n\t\t\t\t\t\t\t\t\"title\": \"Png\", \n\t\t\t\t\t\t\t\t\"type\": \"string\",\n\t\t\t\t\t\t\t\t\"default\": \"\",\n\t\t\t\t\t\t\t\t\"examples\": [\n\t\t\t\t\t\t\t\t\t\"https://deckofcardsapi.com/static/img/8D.png\"\n\t\t\t\t\t\t\t\t],\n\t\t\t\t\t\t\t\t\"pattern\": \"^.*$\"\n\t\t\t\t\t\t\t}\n\t\t\t\t\t\t}\n\t\t\t\t\t}\n,\n\t\t\t\t\t\"value\": {\n\t\t\t\t\t\t\"$id\": \"#root/cards/items/value\", \n\t\t\t\t\t\t\"title\": \"Value\", \n\t\t\t\t\t\t\"type\": \"string\",\n\t\t\t\t\t\t\"default\": \"\",\n\t\t\t\t\t\t\"examples\": [\n\t\t\t\t\t\t\t\"8\"\n\t\t\t\t\t\t],\n\t\t\t\t\t\t\"pattern\": \"^.*$\"\n\t\t\t\t\t},\n\t\t\t\t\t\"suit\": {\n\t\t\t\t\t\t\"$id\": \"#root/cards/items/suit\", \n\t\t\t\t\t\t\"title\": \"Suit\", \n\t\t\t\t\t\t\"type\": \"string\",\n\t\t\t\t\t\t\"default\": \"\",\n\t\t\t\t\t\t\"examples\": [\n\t\t\t\t\t\t\t\"DIAMONDS\"\n\t\t\t\t\t\t],\n\t\t\t\t\t\t\"pattern\": \"^.*$\"\n\t\t\t\t\t}\n\t\t\t\t}\n\t\t\t}\n\n\t\t},\n\t\t\"remaining\": {\n\t\t\t\"$id\": \"#root/remaining\", \n\t\t\t\"title\": \"Remaining\", \n\t\t\t\"type\": \"integer\",\n\t\t\t\"examples\": [\n\t\t\t\t51\n\t\t\t],\n\t\t\t\"default\": 0\n\t\t}\n\t}\n}\n"
              }
            }
          },
          "position": {
            "x": 1710,
            "y": 334
          },
          "group": "nodes",
          "removed": false,
          "selected": false,
          "selectable": true,
          "locked": false,
          "grabbable": true,
          "pannable": false,
          "classes": ""
        },
        {
          "data": {
            "id": "78mxdxggdt",
            "nodeType": "EVAL",
            "label": "Evaluator"
          },
          "position": {
            "x": 1844.5,
            "y": 334.5
          },
          "group": "nodes",
          "removed": false,
          "selected": false,
          "selectable": true,
          "locked": false,
          "grabbable": true,
          "pannable": false,
          "classes": ""
        },
        {
          "data": {
            "id": "w9zs5nz60q",
            "nodeType": "CONNECTION",
            "connectionId": "867ed4363b2bc21c860085ad2baa817d",
            "connectorId": "httpConnector",
            "name": "Http",
            "label": "Http",
            "status": "configured",
            "idUnique": "dsanxrpx7q",
            "capabilityName": "customHTMLTemplate",
            "type": "trigger",
            "properties": {
              "nodeTitle": {
                "value": "Robot Test"
              },
              "customHTML": {
                "value": "[\n  {\n    \"children\": [\n      {\n        \"text\": \"<section class=\\\"register\\\">\\n    <form id=\\\"frmRegister\\\">\\n        <div class=\\\"register-content\\\">\\n            <div class=\\\"logo-wrapper\\\">\\n                <img class=\\\"logo\\\" />\\n            </div>\\n            <h3>Beginner's Luck Online Gaming</h3>\\n            <h1>Human or Robot?</h1>\\n            <p>\"\n      },\n      {\n        \"text\": \"\"\n      },\n      {\n        \"type\": \"link\",\n        \"src\": \"http.svg\",\n        \"url\": \"fname\",\n        \"data\": \"{{local.np5ejzvouv.payload.output.fname}}\",\n        \"tooltip\": \"{{local.np5ejzvouv.payload.output.fname}}\",\n        \"children\": [\n          {\n            \"text\": \"fname\"\n          }\n        ]\n      },\n      {\n        \"text\": \"\"\n      },\n      {\n        \"text\": \", to prevent robots from winning all our money, please identify the playing card below</p>\\n            <div class=\\\"captcha-image\\\">\\n                <img class=\\\"card-img\\\" src=\\\"\"\n      },\n      {\n        \"text\": \"\"\n      },\n      {\n        \"type\": \"link\",\n        \"src\": \"http.svg\",\n        \"url\": \"image\",\n        \"data\": \"{{local.sj0e2ggbhv.payload.output.rawResponse.body.cards[0].image}}\",\n        \"tooltip\": \"{{local.sj0e2ggbhv.payload.output.rawResponse.body.cards[0].image}}\",\n        \"children\": [\n          {\n            \"text\": \"image\"\n          }\n        ]\n      },\n      {\n        \"text\": \"\"\n      },\n      {\n        \"text\": \"\\\" alt=\\\"card\\\" />\\n            </div>\\n            <div class=\\\"formfield-wrapper\\\">\\n                <div>\\n                    <label>Face Value</label>\\n                    <select id=\\\"cardnumber\\\">\\n                        <option value=\\\"0\\\">Select Card Value</option>\\n                        <option value=\\\"ACE\\\">Ace</option>\\n                        <option value=\\\"2\\\">2</option>\\n                        <option value=\\\"3\\\">3</option>\\n                        <option value=\\\"4\\\">4</option>\\n                        <option value=\\\"5\\\">5</option>\\n                        <option value=\\\"6\\\">6</option>\\n                        <option value=\\\"7\\\">7</option>\\n                        <option value=\\\"8\\\">8</option>\\n                        <option value=\\\"9\\\">9</option>\\n                        <option value=\\\"10\\\">10</option>\\n                        <option value=\\\"JACK\\\">Jack</option>\\n                        <option value=\\\"QUEEN\\\">Queen</option>\\n                        <option value=\\\"KING\\\">King</option>\\n                    </select>\\n                </div>\\n                <div>\\n                    <label>Card Suit</label>\\n                    <select id=\\\"cardsuit\\\">\\n                        <option value=\\\"0\\\">Select Card Suit</option>\\n                        <option value=\\\"CLUBS\\\">&clubs; Clubs</option>\\n                        <option value=\\\"DIAMONDS\\\">&diamondsuit; Diamonds</option>\\n                        <option value=\\\"HEARTS\\\">&hearts; Hearts</option>\\n                        <option value=\\\"SPADES\\\">&spades; Spades</option>\\n                    </select>\\n                </div>\\n            </div>\\n            <div class=\\\"buttonbar\\\">\\n                <button id=\\\"btnRegister\\\" data-skcomponent=\\\"skbutton\\\" data-skbuttontype=\\\"form-submit\\\"\\n                    data-skbuttonvalue=\\\"register\\\" data-skform=\\\"frmRegister\\\">\\n                    <i class=\\\"fa fa-arrow-circle-right\\\" aria-hidden=\\\"true\\\"></i> Next\\n                </button>\\n            </div>\\n        </div>\\n    </form>\\n</section>\"\n      }\n    ]\n  }\n]"
              },
              "formFieldsList": {
                "value": [
                  {
                    "preferredControlType": "textField",
                    "preferredDataType": "string",
                    "propertyName": "buttonValue"
                  },
                  {
                    "propertyName": "cardnumber",
                    "preferredControlType": "textField",
                    "preferredDataType": "string",
                    "value": "",
                    "hashedVisibility": false
                  },
                  {
                    "propertyName": "cardsuit",
                    "preferredControlType": "textField",
                    "preferredDataType": "string",
                    "value": "",
                    "hashedVisibility": false
                  }
                ]
              },
              "backgroundColor": {
                "value": "#7ed321ff"
              },
              "nodeDescription": {
                "value": "Captcha Test"
              }
            }
          },
          "position": {
            "x": 1979,
            "y": 335
          },
          "group": "nodes",
          "removed": false,
          "selected": false,
          "selectable": true,
          "locked": false,
          "grabbable": true,
          "pannable": false,
          "classes": ""
        },
        {
          "data": {
            "id": "pqln0t2eup",
            "nodeType": "EVAL",
            "label": "Evaluator"
          },
          "position": {
            "x": 2112.5,
            "y": 336.5
          },
          "group": "nodes",
          "removed": false,
          "selected": false,
          "selectable": true,
          "locked": false,
          "grabbable": true,
          "pannable": false,
          "classes": ""
        },
        {
          "data": {
            "id": "celb7zwr5a",
            "nodeType": "CONNECTION",
            "connectionId": "de650ca45593b82c49064ead10b9fe17",
            "connectorId": "functionsConnector",
            "name": "Functions",
            "label": "functionsConnector",
            "status": "configured",
            "capabilityName": "AEqualsB",
            "type": "trigger",
            "properties": {
              "leftValueA": {
                "value": "[\n  {\n    \"children\": [\n      {\n        \"text\": \"\"\n      },\n      {\n        \"text\": \"\"\n      },\n      {\n        \"type\": \"link\",\n        \"src\": \"http.svg\",\n        \"url\": \"value\",\n        \"data\": \"{{local.sj0e2ggbhv.payload.output.rawResponse.body.cards[0].value}}\",\n        \"tooltip\": \"{{local.sj0e2ggbhv.payload.output.rawResponse.body.cards[0].value}}\",\n        \"children\": [\n          {\n            \"text\": \"value\"\n          }\n        ]\n      },\n      {\n        \"text\": \"\"\n      },\n      {\n        \"text\": \"\"\n      },\n      {\n        \"type\": \"link\",\n        \"src\": \"http.svg\",\n        \"url\": \"suit\",\n        \"data\": \"{{local.sj0e2ggbhv.payload.output.rawResponse.body.cards[0].suit}}\",\n        \"tooltip\": \"{{local.sj0e2ggbhv.payload.output.rawResponse.body.cards[0].suit}}\",\n        \"children\": [\n          {\n            \"text\": \"suit\"\n          }\n        ]\n      },\n      {\n        \"text\": \"\"\n      }\n    ]\n  }\n]"
              },
              "rightValueB": {
                "value": "[\n  {\n    \"children\": [\n      {\n        \"text\": \"\"\n      },\n      {\n        \"text\": \"\"\n      },\n      {\n        \"type\": \"link\",\n        \"src\": \"http.svg\",\n        \"url\": \"cardnumber\",\n        \"data\": \"{{local.w9zs5nz60q.payload.output.cardnumber}}\",\n        \"tooltip\": \"{{local.w9zs5nz60q.payload.output.cardnumber}}\",\n        \"children\": [\n          {\n            \"text\": \"cardnumber\"\n          }\n        ]\n      },\n      {\n        \"text\": \"\"\n      },\n      {\n        \"text\": \"\"\n      },\n      {\n        \"type\": \"link\",\n        \"src\": \"http.svg\",\n        \"url\": \"cardsuit\",\n        \"data\": \"{{local.w9zs5nz60q.payload.output.cardsuit}}\",\n        \"tooltip\": \"{{local.w9zs5nz60q.payload.output.cardsuit}}\",\n        \"children\": [\n          {\n            \"text\": \"cardsuit\"\n          }\n        ]\n      },\n      {\n        \"text\": \"\"\n      }\n    ]\n  }\n]"
              },
              "nodeDescription": {
                "value": "Equality Test"
              },
              "nodeTitle": {
                "value": "Card Validation"
              }
            }
          },
          "position": {
            "x": 2246,
            "y": 338
          },
          "group": "nodes",
          "removed": false,
          "selected": false,
          "selectable": true,
          "locked": false,
          "grabbable": true,
          "pannable": false,
          "classes": ""
        },
        {
          "data": {
            "id": "4r0gazdfaj",
            "nodeType": "EVAL",
            "label": "Evaluator",
            "properties": {
              "zxcmtr6uwk": {
                "value": "anyTriggersFalse"
              }
            }
          },
          "position": {
            "x": 2389.5,
            "y": 336
          },
          "group": "nodes",
          "removed": false,
          "selected": false,
          "selectable": true,
          "locked": false,
          "grabbable": true,
          "pannable": false,
          "classes": ""
        },
        {
          "data": {
            "id": "d04upjzcfd",
            "nodeType": "CONNECTION",
            "connectionId": "867ed4363b2bc21c860085ad2baa817d",
            "connectorId": "httpConnector",
            "name": "Http",
            "label": "httpConnector",
            "status": "configured",
            "capabilityName": "customHTMLTemplate",
            "type": "trigger",
            "properties": {
              "messageTitle": {
                "value": "[\n  {\n    \"children\": [\n      {\n        \"text\": \"Account Created!\"\n      }\n    ]\n  }\n]"
              },
              "nodeTitle": {
                "value": "Account Created"
              },
              "nodeDescription": {
                "value": "Successfully Registration"
              },
              "message": {
                "value": "[\n  {\n    \"children\": [\n      {\n        \"text\": \"Your Beginner's Luck Online Casino & Gaming account has been successfully created!\"\n      }\n    ]\n  },\n  {\n    \"children\": [\n      {\n        \"text\": \"♣♣Happy Gaming♣♣\"\n      }\n    ]\n  },\n  {\n    \"children\": [\n      {\n        \"text\": \"\"\n      }\n    ]\n  },\n  {\n    \"children\": [\n      {\n        \"text\": \"\"\n      }\n    ]\n  },\n  {\n    \"children\": [\n      {\n        \"text\": \"\"\n      }\n    ]\n  }\n]"
              },
              "backgroundColor": {
                "value": "#9dc967ff"
              },
              "customHTML": {
                "value": "[\n  {\n    \"children\": [\n      {\n        \"text\": \"<section class=\\\"register\\\">\\n    <div class=\\\"register-content\\\">\\n        <div class=\\\"logo-wrapper\\\">\\n            <img class=\\\"logo\\\" />\\n        </div>\\n        <h3>Beginner's Luck Online Gaming</h3>\\n        <h1>Account Created!</h1>\\n        <div class=\\\"centered-image\\\">\\n            <img class=\\\"card-img\\\" src=\\\"[IMAGE_SUCCESS]\\\" alt=\\\"card\\\" />\\n        </div>\\n        <p><strong>\"\n      },\n      {\n        \"text\": \"\"\n      },\n      {\n        \"type\": \"link\",\n        \"src\": \"http.svg\",\n        \"url\": \"fname\",\n        \"data\": \"{{local.np5ejzvouv.payload.output.fname}}\",\n        \"tooltip\": \"{{local.np5ejzvouv.payload.output.fname}}\",\n        \"children\": [\n          {\n            \"text\": \"fname\"\n          }\n        ]\n      },\n      {\n        \"text\": \"\"\n      },\n      {\n        \"text\": \"</strong>, your Beginner's Luck account has been successfully created!</p>\\n</section>\"\n      }\n    ]\n  }\n]"
              }
            }
          },
          "position": {
            "x": 2550,
            "y": 334
          },
          "group": "nodes",
          "removed": false,
          "selected": false,
          "selectable": true,
          "locked": false,
          "grabbable": true,
          "pannable": false,
          "classes": ""
        },
        {
          "data": {
            "id": "zxcmtr6uwk",
            "nodeType": "CONNECTION",
            "connectionId": "867ed4363b2bc21c860085ad2baa817d",
            "connectorId": "httpConnector",
            "name": "Http",
            "label": "httpConnector",
            "status": "configured",
            "capabilityName": "customHTMLTemplate",
            "type": "trigger",
            "properties": {
              "messageTitle": {
                "value": "[\n  {\n    \"children\": [\n      {\n        \"text\": \"Robot Detected\"\n      }\n    ]\n  }\n]"
              },
              "message": {
                "value": "[\n  {\n    \"children\": [\n      {\n        \"text\": \"Does not compute!\"\n      }\n    ]\n  },\n  {\n    \"children\": [\n      {\n        \"text\": \"\"\n      }\n    ]\n  }\n]"
              },
              "nodeTitle": {
                "value": "Robot Test Failed"
              },
              "nodeDescription": {
                "value": "Possible Robot"
              },
              "showContinueButton": {
                "value": true
              },
              "button": {
                "displayName": "Retry"
              },
              "backgroundColor": {
                "value": "#d0021b"
              },
              "customHTML": {
                "value": "[\n  {\n    \"children\": [\n      {\n        \"text\": \"<section class=\\\"register\\\">\\n    <div class=\\\"register-content\\\">\\n        <div class=\\\"logo-wrapper\\\">\\n            <img class=\\\"logo\\\" />\\n        </div>\\n        <h3>Beginner's Luck Online Gaming</h3>\\n        <h1>Robot Detected!</h1>\\n        <p>\"\n      },\n      {\n        \"text\": \"\"\n      },\n      {\n        \"type\": \"link\",\n        \"src\": \"http.svg\",\n        \"url\": \"fname\",\n        \"data\": \"{{local.np5ejzvouv.payload.output.fname}}\",\n        \"tooltip\": \"{{local.np5ejzvouv.payload.output.fname}}\",\n        \"children\": [\n          {\n            \"text\": \"fname\"\n          }\n        ]\n      },\n      {\n        \"text\": \"\"\n      },\n      {\n        \"text\": \", we think you are a robot. If you promise you're not, try again.\\n        </p>\\n        <div class=\\\"centered-image\\\">\\n            <img class=\\\"card-img\\\" src=\\\"[IMG_ROBOT_DECTED]\\\" alt=\\\"robot detected\\\" />\\n        </div>\\n        <div class=\\\"buttonbar\\\">\\n            <button id=\\\"btnRegister\\\" data-skcomponent=\\\"skbutton\\\" data-skbuttontype=\\\"next-event\\\"\\n                data-skbuttonvalue=\\\"register\\\">\\n                <i class=\\\"fa fa-repeat\\\" aria-hidden=\\\"true\\\"></i> Retry\\n            </button>\\n        </div>\\n    </div>\\n</section>\"\n      }\n    ]\n  }\n]"
              },
              "formFieldsList": {
                "value": [
                  {
                    "preferredControlType": "textField",
                    "preferredDataType": "string",
                    "propertyName": "buttonValue"
                  }
                ]
              }
            }
          },
          "position": {
            "x": 2555,
            "y": 534
          },
          "group": "nodes",
          "removed": false,
          "selected": false,
          "selectable": true,
          "locked": false,
          "grabbable": true,
          "pannable": false,
          "classes": ""
        },
        {
          "data": {
            "id": "3jyhcs83dy",
            "nodeType": "ANNOTATION",
            "name": "Annotation",
            "connectionId": "kbaErk6YHgVjxrfGaFDPVnFlhrUNz4M5",
            "connectorId": "annotationConnector",
            "capabilityName": "updateAnnotationProperties",
            "type": "action",
            "properties": {
              "backgroundColor": {
                "value": "#999999"
              },
              "annotation": {
                "value": "New Account Form Fields"
              }
            },
            "status": "configured"
          },
          "position": {
            "x": 300,
            "y": 214
          },
          "group": "nodes",
          "removed": false,
          "selected": false,
          "selectable": true,
          "locked": false,
          "grabbable": true,
          "pannable": false,
          "classes": ""
        },
        {
          "data": {
            "id": "4bhrd0qnqg",
            "nodeType": "ANNOTATION",
            "name": "Annotation",
            "connectionId": "kbaErk6YHgVjxrfGaFDPVnFlhrUNz4M5",
            "connectorId": "annotationConnector",
            "capabilityName": "updateAnnotationProperties",
            "type": "action",
            "properties": {
              "backgroundColor": {
                "value": "#999999"
              },
              "annotation": {
                "value": "Account Review"
              }
            },
            "status": "configured"
          },
          "position": {
            "x": 1290,
            "y": 214
          },
          "group": "nodes",
          "removed": false,
          "selected": false,
          "selectable": true,
          "locked": false,
          "grabbable": true,
          "pannable": false,
          "classes": ""
        },
        {
          "data": {
            "id": "jnjqs9wx4j",
            "nodeType": "ANNOTATION",
            "name": "Annotation",
            "connectionId": "kbaErk6YHgVjxrfGaFDPVnFlhrUNz4M5",
            "connectorId": "annotationConnector",
            "capabilityName": "updateAnnotationProperties",
            "type": "action",
            "properties": {
              "backgroundColor": {
                "value": "#999999"
              },
              "annotation": {
                "value": "User is Underage"
              }
            },
            "status": "configured"
          },
          "position": {
            "x": 1170,
            "y": 454
          },
          "group": "nodes",
          "removed": false,
          "selected": false,
          "selectable": true,
          "locked": false,
          "grabbable": true,
          "pannable": false,
          "classes": ""
        },
        {
          "data": {
            "id": "8ia6214yol",
            "nodeType": "ANNOTATION",
            "name": "Annotation",
            "connectionId": "kbaErk6YHgVjxrfGaFDPVnFlhrUNz4M5",
            "connectorId": "annotationConnector",
            "capabilityName": "updateAnnotationProperties",
            "type": "action",
            "properties": {
              "backgroundColor": {
                "value": "#999999"
              },
              "annotation": {
                "value": "Robot Test"
              }
            },
            "status": "configured"
          },
          "position": {
            "x": 1890,
            "y": 214
          },
          "group": "nodes",
          "removed": false,
          "selected": false,
          "selectable": true,
          "locked": false,
          "grabbable": true,
          "pannable": false,
          "classes": ""
        },
        {
          "data": {
            "id": "wyoyrj5bnc",
            "nodeType": "ANNOTATION",
            "name": "Annotation",
            "connectionId": "kbaErk6YHgVjxrfGaFDPVnFlhrUNz4M5",
            "connectorId": "annotationConnector",
            "capabilityName": "updateAnnotationProperties",
            "type": "action",
            "properties": {
              "backgroundColor": {
                "value": "#999999"
              },
              "annotation": {
                "value": "Account Registration Complete"
              }
            },
            "status": "configured"
          },
          "position": {
            "x": 2400,
            "y": 214
          },
          "group": "nodes",
          "removed": false,
          "selected": false,
          "selectable": true,
          "locked": false,
          "grabbable": true,
          "pannable": false,
          "classes": ""
        },
        {
          "data": {
            "id": "ma6ghxnu71",
            "nodeType": "EVAL"
          },
          "position": {
            "x": 1560,
            "y": 454
          },
          "group": "nodes",
          "removed": false,
          "selected": false,
          "selectable": true,
          "locked": false,
          "grabbable": true,
          "pannable": false,
          "classes": ""
        }
      ],
      "edges": [
        {
          "data": {
            "id": "xf4io7k1z4",
            "source": "4r0gazdfaj",
            "target": "zxcmtr6uwk"
          },
          "position": {
            "x": 0,
            "y": 0
          },
          "group": "edges",
          "removed": false,
          "selected": false,
          "selectable": true,
          "locked": false,
          "grabbable": true,
          "pannable": true,
          "classes": ""
        },
        {
          "data": {
            "id": "83viq30nr1",
            "source": "ul1uxhv2dn",
            "target": "lx1x34h8o3"
          },
          "position": {
            "x": 0,
            "y": 0
          },
          "group": "edges",
          "removed": false,
          "selected": false,
          "selectable": true,
          "locked": false,
          "grabbable": true,
          "pannable": true,
          "classes": ""
        },
        {
          "data": {
            "id": "k8fdljdh4b",
            "source": "lx1x34h8o3",
            "target": "sj0e2ggbhv"
          },
          "position": {
            "x": 0,
            "y": 0
          },
          "group": "edges",
          "removed": false,
          "selected": false,
          "selectable": true,
          "locked": false,
          "grabbable": true,
          "pannable": true,
          "classes": ""
        },
        {
          "data": {
            "id": "kqc298dgp",
            "source": "fmqtvonufs",
            "target": "rknqvblm5a"
          },
          "position": {
            "x": 0,
            "y": 0
          },
          "group": "edges",
          "removed": false,
          "selected": false,
          "selectable": true,
          "locked": false,
          "grabbable": true,
          "pannable": true,
          "classes": ""
        },
        {
          "data": {
            "id": "eymuw07ggg",
            "source": "np5ejzvouv",
            "target": "fmqtvonufs"
          },
          "position": {
            "x": 0,
            "y": 0
          },
          "group": "edges",
          "removed": false,
          "selected": false,
          "selectable": true,
          "locked": false,
          "grabbable": true,
          "pannable": true,
          "classes": ""
        },
        {
          "data": {
            "id": "w1lfnaylql",
            "source": "rknqvblm5a",
            "target": "w2iem13ldl"
          },
          "position": {
            "x": 0,
            "y": 0
          },
          "group": "edges",
          "removed": false,
          "selected": false,
          "selectable": true,
          "locked": false,
          "grabbable": true,
          "pannable": true,
          "classes": ""
        },
        {
          "data": {
            "id": "pymvj69vs2",
            "source": "w2iem13ldl",
            "target": "0cuanbh3kr"
          },
          "position": {
            "x": 0,
            "y": 0
          },
          "group": "edges",
          "removed": false,
          "selected": false,
          "selectable": true,
          "locked": false,
          "grabbable": true,
          "pannable": true,
          "classes": ""
        },
        {
          "data": {
            "id": "bjpvtxxdk",
            "source": "0cuanbh3kr",
            "target": "jkakm3avyo"
          },
          "position": {
            "x": 0,
            "y": 0
          },
          "group": "edges",
          "removed": false,
          "selected": false,
          "selectable": true,
          "locked": false,
          "grabbable": true,
          "pannable": true,
          "classes": ""
        },
        {
          "data": {
            "id": "qmbqkd86kl",
            "source": "rxalsutsiu",
            "target": "vrgcmuqig5"
          },
          "position": {
            "x": 0,
            "y": 0
          },
          "group": "edges",
          "removed": false,
          "selected": false,
          "selectable": true,
          "locked": false,
          "grabbable": true,
          "pannable": true,
          "classes": ""
        },
        {
          "data": {
            "id": "190mlud935",
            "source": "jkakm3avyo",
            "target": "og0ahit5mb"
          },
          "position": {
            "x": 0,
            "y": 0
          },
          "group": "edges",
          "removed": false,
          "selected": false,
          "selectable": true,
          "locked": false,
          "grabbable": true,
          "pannable": true,
          "classes": ""
        },
        {
          "data": {
            "id": "qxueu322km",
            "source": "og0ahit5mb",
            "target": "rxalsutsiu"
          },
          "position": {
            "x": 0,
            "y": 0
          },
          "group": "edges",
          "removed": false,
          "selected": false,
          "selectable": true,
          "locked": false,
          "grabbable": true,
          "pannable": true,
          "classes": ""
        },
        {
          "data": {
            "id": "nhfzqq7e03",
            "source": "jkakm3avyo",
            "target": "jwj5o6yq9y"
          },
          "position": {
            "x": 0,
            "y": 0
          },
          "group": "edges",
          "removed": false,
          "selected": false,
          "selectable": true,
          "locked": false,
          "grabbable": true,
          "pannable": true,
          "classes": ""
        },
        {
          "data": {
            "id": "n7e5fkvh7j",
            "source": "jwj5o6yq9y",
            "target": "6qlg4r0j30"
          },
          "position": {
            "x": 0,
            "y": 0
          },
          "group": "edges",
          "removed": false,
          "selected": false,
          "selectable": true,
          "locked": false,
          "grabbable": true,
          "pannable": true,
          "classes": ""
        },
        {
          "data": {
            "id": "8xxr4kq31i",
            "source": "6qlg4r0j30",
            "target": "ul1uxhv2dn"
          },
          "position": {
            "x": 0,
            "y": 0
          },
          "group": "edges",
          "removed": false,
          "selected": false,
          "selectable": true,
          "locked": false,
          "grabbable": true,
          "pannable": true,
          "classes": ""
        },
        {
          "data": {
            "id": "0xy7l74x4r",
            "source": "sj0e2ggbhv",
            "target": "78mxdxggdt"
          },
          "position": {
            "x": 0,
            "y": 0
          },
          "group": "edges",
          "removed": false,
          "selected": false,
          "selectable": true,
          "locked": false,
          "grabbable": true,
          "pannable": true,
          "classes": ""
        },
        {
          "data": {
            "id": "0h78l3gfyz",
            "source": "78mxdxggdt",
            "target": "w9zs5nz60q"
          },
          "position": {
            "x": 0,
            "y": 0
          },
          "group": "edges",
          "removed": false,
          "selected": false,
          "selectable": true,
          "locked": false,
          "grabbable": true,
          "pannable": true,
          "classes": ""
        },
        {
          "data": {
            "id": "dsvlt6tyhb",
            "source": "w9zs5nz60q",
            "target": "pqln0t2eup"
          },
          "position": {
            "x": 0,
            "y": 0
          },
          "group": "edges",
          "removed": false,
          "selected": false,
          "selectable": true,
          "locked": false,
          "grabbable": true,
          "pannable": true,
          "classes": ""
        },
        {
          "data": {
            "id": "30w0ptn3mv",
            "source": "pqln0t2eup",
            "target": "celb7zwr5a"
          },
          "position": {
            "x": 0,
            "y": 0
          },
          "group": "edges",
          "removed": false,
          "selected": false,
          "selectable": true,
          "locked": false,
          "grabbable": true,
          "pannable": true,
          "classes": ""
        },
        {
          "data": {
            "id": "c1yfcvbzse",
            "source": "celb7zwr5a",
            "target": "4r0gazdfaj"
          },
          "position": {
            "x": 0,
            "y": 0
          },
          "group": "edges",
          "removed": false,
          "selected": false,
          "selectable": true,
          "locked": false,
          "grabbable": true,
          "pannable": true,
          "classes": ""
        },
        {
          "data": {
            "id": "kxjguib5wa",
            "source": "4r0gazdfaj",
            "target": "d04upjzcfd"
          },
          "position": {
            "x": 0,
            "y": 0
          },
          "group": "edges",
          "removed": false,
          "selected": false,
          "selectable": true,
          "locked": false,
          "grabbable": true,
          "pannable": true,
          "classes": ""
        },
        {
          "data": {
            "id": "yy7vs9yuwz",
            "source": "zxcmtr6uwk",
            "target": "ma6ghxnu71"
          },
          "position": {
            "x": 0,
            "y": 0
          },
          "group": "edges",
          "removed": false,
          "selected": false,
          "selectable": true,
          "locked": false,
          "grabbable": true,
          "pannable": true,
          "classes": ""
        },
        {
          "data": {
            "id": "hegwr1urxt",
            "source": "ma6ghxnu71",
            "target": "sj0e2ggbhv"
          },
          "position": {
            "x": 0,
            "y": 0
          },
          "group": "edges",
          "removed": false,
          "selected": false,
          "selectable": true,
          "locked": false,
          "grabbable": true,
          "pannable": true,
          "classes": ""
        }
      ]
    },
    "data": {},
    "zoomingEnabled": true,
    "userZoomingEnabled": true,
    "zoom": 1,
    "minZoom": 1e-50,
    "maxZoom": 1e+50,
    "panningEnabled": true,
    "userPanningEnabled": true,
    "pan": {
      "x": 0,
      "y": 0
    },
    "boxSelectionEnabled": true,
    "renderer": {
      "name": "null"
    }
  },
  "inputSchema": null,
  "flowColor": "#AFD5FF",
  "connectorIds": [
    "httpConnector",
    "functionsConnector",
    "annotationConnector"
  ],
  "savedDate": 1658344430740,
  "variables": []
}