{
  "jackpots": [
    {
      "country": "CA",
      "currency_symbol": "$",
      "amount": 136000
    },
    {
      "country": "GB",
      "currency_symbol": "£",
      "amount": 88000
    },
    {
      "country": "US",
      "currency_symbol": "$",
      "amount": 95000
    },
    {
      "country": "DE",
      "currency_symbol": "€",
      "amount": 40000
    },
    {
      "country": "CN",
      "currency_symbol": "¥",
      "amount": 500000
    },
    {
      "country": "AU",
      "currency_symbol": "$",
      "amount": 110000
    },
    {
      "country": "IL",
      "currency_symbol": "₪",
      "amount": 240000
    },
    {
      "country": "FR",
      "currency_symbol": "€",
      "amount": 40000
    }
  ]
}
